user_id,address,amount
31,0x627306090abab3a6e1400e9345bc60c78a8bef57,10.589759218143
69,0xf17f52151ebef6c7334fad080c5704d77216b732,310.2583671171
94,0xc5fdf4076b8f3a5357c5e395ab970b5b54098fef,363.5434357557
98,0x821aea9a577a9b44299b9c15c88cf3087f3b5544,11.553230046204
108,0x0d1d4e623d10f9fba5db95830f7d3839406c6af2,1.1270733453415